,data
0,0-dimensional biomaterials lack inductive properties.
1,1 in 5 million in UK have abnormal PrP positivity.
2,1-1% of colorectal cancer patients are diagnosed with regional or distant metastases.
3,10% of sudden infant death syndrome (SIDS) deaths happen in newborns aged less than 6 months.
4,32% of liver transplantation programs required patients to discontinue methadone treatment in 2001.
5,4-PBA treatment decreases endoplasmic reticulum stress in response to general endoplasmic reticulum stress markers.
6,4-PBA treatment raises endoplasmic reticulum stress in response to general endoplasmic reticulum stress markers.
7,40mg/day dosage of folic acid and 2mg/day dosage of vitamin B12 does not affect chronic kidney disease (CKD) progression.
8,5'-nucleotidase metabolizes 6MP.
9,50% of patients exposed to radiation have activated markers of mesenchymal stem cells.
10,53% of perinatal mortality is due to low birth weight.
11,61% of colorectal cancer patients are diagnosed with regional or distant metastases.
12,7-day-old adult Caenorhabditis elegans exhibit approximately 5% of the learning capacity seen in 1-day old adults.
13,7-day-old adult Caenorhabditis elegans exhibit approximately 75% of the learning capacity seen in 1-day old adults.
14,70% of burn patients are admitted for hospitalization and further treatment after appearing at hospital emergency wards or outpatient clinics.
15,76-85% of people with severe mental disorder receive no treatment in low and middle income countries.
16,90% of patients with melanoma and an objective response to PD-1 blockade will experience a progression in their melanoma.
17,90% of sudden infant death syndrome (SIDS) deaths happen in newborns aged less than 6 months.
18,A 100g dose of chloroquine chemoprophylactic regimen results in retinal toxicity after 1 year of weekly intake.
19,A 100g dose of chloroquine chemoprophylactic regimen results in retinal toxicity after 5-6 years of weekly intake.
20,A T helper 2 cell (Th2) environment impedes disease development in patients with systemic lupus erythematosus (SLE).
21,A breast cancer patient's capacity to metabolize tamoxifen influences treatment outcome.
22,A country's Vaccine Alliance (GAVI) eligibility is not indictivate of accelerated adoption of the Hub vaccine.
23,A deficiency of folate increases blood levels of homocysteine.
24,A deficiency of vitamin B12 decreases blood levels of homocysteine.
25,A deficiency of vitamin B6 decreases blood levels of homocysteine.
26,A diminished ovarian reserve does not solely indicate infertility in an a priori non-infertile population.
27,"A diminished ovarian reserve is a very strong indicator of infertility, even in an a priori non-infertile population."
28,A high microerythrocyte count protects against severe anemia in homozygous alpha (+)- thalassemia trait subjects.
29,A low percentage of hematopoietic progenitor cells are susceptible to HIV-1 infection ex vivo.
30,A mutation in HNF4A leads to an increased risk of developing diabetes by the age of 14 years.
31,A mutation in HNF4A leads to an increased risk of diabetes by the age of 14 years.
32,A single nucleotide variant the gene DGKK is strongly associated with increased risk of hypospadias.
33,A strong bias in the phage genome locations where the spacers were derived has been observed in many CRISPR subtypes that confer the immunity to phage.
34,ALDH1 expression is associated with poorer prognosis for breast cancer primary tumors.
35,AMP-activated protein kinase (AMPK) activation reduces inflammation-related fibrosis in the lungs.
36,APOE4 expression in iPSC-derived neurons results in decreased tau phosphorylation.
37,ART has no effect on the infectiveness of HIV-positive people.
38,ART substantially reduces infectiveness of HIV-positive people.
39,ATF4 is a general endoplasmic reticulum stress marker.
40,ATM and Rad3 related protein are critical for sensing DNA damage.
41,ATM and Rad3 related protein have no role in sensing DNA damage.
42,AZT given with ribavirin increases anemia.
43,Activated Cdk5 phosphorylates the ATM protein in response to DNA damage.
44,Activated Cdk5 regulates DNA damage-induced neuronal death.
45,Activation of PPM1D enhances p53 function.
46,Activation of the Rac1 homolog CED-10 kills viable cells in SRGP-1 mutant Caenorhabditis elegans.
47,Activator-inhibitor pairs are provided ventrally by Xrl-sizzled.
48,Active H. pylori urease has a polymeric structure consisting of five distinct subunits.
49,Active Ly49Q induces neutrophil polarization.
50,Active Ly49Q prevents neutrophil polarization.
51,Active caspase-11 participate in regulating phagosome-lysosome fusion.
52,Active caspase-11 protein promotes pyroptosis.
53,Acute ablation of KRAS causes severe growth impairment.
54,Acute ablation of Snail in the embryonic cortex affects the proliferation and number of embryonic cortical precursors.
55,"Addition of BMP4, activin A, CHIR99021, and SU504 to reprogramming fibroblasts generates, expands and maintains cardiovascular progenitor cells (CPCs)"
56,Adult tissue-resident macrophages are seeded before birth.
57,Adult tissue-resident macrophages are seeded before birth.
58,Adult tissue-resident macrophages possess a self-renewing capacity.
59,Adult tissue-resident macrophages stem from the embryonal yolk sac and fetal liver.
60,Adult tissue-resident macrophages stem from the embryonal yolk sac and fetal liver.
61,Aged patients are less susceptible to ischaemia/reperfusion injury.
62,Aged patients are more susceptible to ischaemia/reperfusion injury.
63,Aggravated inflammation is dependent on NLRP3 inflammasome activation.
64,Albendazole is used to treat soil-transmitted helminths.
65,Algerian physicians constitue the largest component of sub-Saharan Africa-trained physicians in the United States.
66,Alirocumab treatment reduces apo(a) fractional clearance rate.
67,Allogeneic mechanical circulatory support is not as effective as autologous mechanical circulatory support for treating acute myocardial infarction.
68,Alteration of origin firing causes changes in termination zones of Okazaki fragments.
69,Ambulatory blood pressure monitoring is inaccurate at diagnosing hypertension.
70,Amitriptyline is an effective treatment for chronic tension-type headaches.
71,An M2-like phenotype in brown adipose tissue macrophages is quickly induced by cold exposure.
72,Androgenetic haploid mouse embryonic stem cells (ESCs) can be derived and genetically manipulated in vitro.
73,Angiotensin converting enzyme inhibitors are associated with decreased risk for functional renal insufficiency.
74,Anthrax spores are very difficult to dispose once they are dispersed.
75,Anthrax spores remain deadly until affected areas are decontaminated.
76,Antidepressants increase the severity of migraines.
77,Antidepressants reduce the severity of migraines.
78,Antimicrobial agents are less effective due to the pressure of antimicrobial usage.
79,Antimicrobial agents are more effective due to the pressure of antimicrobial usage.
80,Antiretroviral therapy increases rates of tuberculosis across a broad range of CD4 strata.
81,"Approximately 250,000 people are infected with human T-cell lymphotropic virus type 1 in the United Kingdom."
82,Assessing treatment adherence is more beneficial to clinical practice than measuring routine outcomes.
83,Asymptomatic visual impairment screening in elderly populations leads to improved vision.
84,At least 85% of patients exposed to radiation have activated markers of myofibroblasts.
85,Autologous transplantation of mesenchymal stem cells has better graft function than induction therapy with anti-interleukin-2 receptor antibodies.
86,Autophagy deficiency in the liver increases vulnerability to insulin resistance.
87,B cells go though plasmablast differentiation and antibody production by continuous expression of EBI2.
88,B3-Galectin decreases cell resistance to tyrosine kinase inhibitors (TKIs) by engaging the alternate KRAS-RalB signaling complex downstream of EGFR.
89,B3-Galectin increases cell resistance to tyrosine kinase inhibitors (TKIs) by engaging the alternate KRAS-RalB signaling complex downstream of EGFR.
90,BCL-2 activation antagonizes the apoptotic effects of c-Myc.
91,BCL-2 promotes the apoptotic effects of c-Myc.
92,BLM gene encodes RecQ-class DNA helicase.
93,BRCA 1 mutation carriers' risk of breast and ovarian cancer depends on where the mutation is located.
94,Bacterial meningitis can be diagnosed on the basis of positive cerebrospinal fluid (CSF) cultures.
95,Bacteriophagaes MS2 and Qβ are members of the Leviviridae.
96,Bariatric surgery increases rates of colorectal cancer.
97,Bariatric surgery increases rates of postmenopausal breast cancer.
98,Bariatric surgery leads to negative outcomes in mental health.
99,Bariatric surgery leads to positive outcomes in mental health.
100,Bariatric surgery reduces colorectal cancer.
101,Bariatric surgery reduces postmenopausal breast cancer.
102,Basophils promote disease development in patients with systemic lupus erythematosus (SLE).
103,Bcp1 is a chaperone for Rpl23.
104,Beta-band coherence is diminished for visible stimuli over invisible stimuli.
105,Beta-band coherence is enhanced for visible stimuli over invisible stimuli.
106,BiP is a general endoplasmic reticulum stress marker.
107,Binding of p53 to enhancer regions (p53BERs) regulates the activity of p53 transcription and cell cycle arrest through the production of p53-dependent eRNAs.
108,Birth-weight is negatively associated with breast cancer.
109,Blocking the interaction between TDP-43 and respiratory complex I proteins ND3 and ND6 prevents TDP-43-induced neuronal loss.
110,Bone Marrow (BM) transplantation is used to treat acute myeloid leukemia (AML)
111,Bone marrow cells don't contribute to adult macrophage compartments.
112,British female students are bullied more than British male students.
113,British male students are bullied more than British female students.
114,Broadly HIV-1 Neutralizing Antibodies (bnAb) 10EB have no affinity for phospholipids.
115,C2 works synergistically with A-769662 to activate dephosphorylated AMPK.
116,CCL19 is a ligand for CCR7.
117,CCL19 is predominantly present within dLNs.
118,"CD28 initiates tonic signaling in conventional T cells, which causes an exhaustion phenotype and limited efficiency."
119,CD28 signals regulate trafficking of murine auto-reactive T cells into target tissues.
120,CD44v6 is not associated with constitutive and reprogrammed cancer stem cells driving cancer metastasis.
121,CDK6 shows impaired binding to loss-of-function variants of p18 INK4C.
122,CDK6 shows improved binding to loss-of-function variants of p18 INK4C.
123,CHOP is a general endoplasmic reticulum stress marker.
124,COPI coatmer is involved in lipid homeostasis.
125,COPI coatmer is involved in viral replication.
126,CRP is positively correlated with postoperative mortality following Coronary Artery Bypass Graft (CABG) surgery.
127,Ca2+ cycling controls whole-body energy homeostasis in beige fat.
128,Ca2+ cycling is a UCP1-dependent thermogenic mechanism.
129,Ca2+ cycling is a UCP1-independent thermogenic mechanism.
130,Cancer cells can stimulate the accumulation of intra-tumoural myeloid-derived suppressor cells by promoting granulocyte colony stimulating factor production.
131,Cancer-associated fibroblasts (CAFs) are constituents of tumor microenvironments
132,Cancer-associated fibroblasts (CAFs) have no known interaction with cancer cells in the formation and activation of CAFs.
133,Cancer-associated fibroblasts (CAFs) interact with cancer cells to mediate formation and activation of CAFs.
134,Cancers that initially benefit from epidermal growth factor receptor targeted therapies later become refractory through several mechanisms.
135,Cardiac tissue-resident macrophages directly contribute to electrical activity.
136,Carriers of HNF4A mutations are at reduced risk for diabetes.
137,Cell autonomous sex determination in somatic cells occurs in Galliformes.
138,Cellular clocks are associated with mitosis timing in NIH 3T3 cells.
139,Cellular clocks are not predictive of mitosis timing in NIH 3T3 cells.
140,"Cellular differentiation of embryonic stem cells is accompanied by changes in replication timing, transcription and nuclear localization."
141,Certain immunomodulator-human dialyzable leukocyte extract (hDLE) peptides are recognized by toll-like receptors (TLRs) on macrophages and dendritic cells.
142,Charcoal is an effective treatment for acute paraquat poisoning.
143,Charcoal shows no benefit for acute paraquat poisoning.
144,Chemical injury represses transglutaminase 2 activity.
145,Chenodeoxycholic acid treatment decreases brown adipose tissue activity.
146,Chenodeoxycholic acid treatment increases brown adipose tissue activity.
147,Chinese individuals with TT homozygosity in the MTHFR gene are less vulnerable to strokes caused by low levels of folate intake.
148,Chinese individuals with TT homozygosity in the MTHFR gene are more vulnerable to strokes caused by low levels of folate intake.
149,Chlamydia trachomatis is most prevalent in the UK among individuals in their 50s and 60s.
150,Chlamydia trachomatis is most prevalent in the UK among sexually-experienced individuals aged 16 to 24.
151,"Cholesterol loading induces KLF4 expression in VSMCs, resulting in the expression of pro-inflammatory cytokines."
152,Chronic HIV stimulation of B cells leads to the premature exhaustion of B cells.
153,Cis-acting lncRNAs control the expression of genes that are positioned in the vicinity of their transcription sites.
154,Citrullinated proteins externalized in neutrophil extracellular traps act indirectly to disrupt the inflammatory cycle.
155,Citrullinated proteins externalized in neutrophil extracellular traps act indirectly to perpetuate the inflammatory cycle via induction of autoantibodies.
156,Clathrin stabilizes the spindle fiber apparatus during mitosis.
157,Cnn1 recruitment varies with cell cycle timing.
158,Cognitive behavioral therapy is an ineffective treatment for insomnia
159,Combination nicotine replacement therapies with varenicline or bupropion are more effective after 12 weeks of reatment compared to varenicline monotherapy.
160,"Commelina yellow mottle virus (ComYMV) has three typical badnavirus ORFs, capable of encoding proteins 23, 15, and 216 kD."
161,Commelina yellow mottle virus' (ComYMV) genome consists of 2140 baise pairs.
162,Comparative transcriptome analysis identified new platelet proteins with structural features suggesting a role in platelet function.
163,Concentrations of SNV and CNV in stem-cell regulatory elements and binding sites of transcription factors in iPSC-lines are distinct from their founding cells.
164,Consumption of whole fruits increases the risk of type 2 diabetes.
165,Continued HHV-8 transmission among MSM in San Francisco may be explained by urogenital contact.
166,Converting apoE4 to apoE3 by gene editing prevents the pathology associated with apoE4 in human iPSCderived neurons.
167,Converting apoE4 to apoE3 by gene editing worsens the pathology associated with apoE4 in human iPSCderived neurons.
168,Cost effectiveness evaluations based on cRCT data accurately reflect prices for patients in actual clinical practice.
169,Cost effectiveness evaluations based on cRCT data lack external validity.
170,Crossover hot spots are found within gene promoters in Saccharomyces cerevisiae.
171,Cyclin A2 destruction is necessary to switch from unstable to stable kt-mt attachments in mitosis.
172,Cytochrome c is transferred from cytosol to the mitochondrial intermembrane space during apoptosis.
173,Cytosolic proteins bind to iron-responsive elements on mRNAs coding for TFRC1.
174,DMS3 protein enables Pol V transcription in vivo.
175,DRD1 proteins enable Pol V transcription in vivo.
176,DUSP4 decreases apoptosis.
177,DUSP4 downregulation deactivates the Ras-ERK pathway
178,DUSP4 increases apoptosis.
179,De novo assembly of sequence data has fewer specific contigs than unassembled sequence data.
180,De novo assembly of sequence data has shorter contigs than unassembled sequence data.
181,Decrease of p62 in prostate tumor stroma results in defective autophagy.
182,Decreased conversion of PGE 2 to PPARy ligand 15-ket-PGE 2 causes accumulation of PGE.
183,Decreased diastolic blood pressure (DBP) is associated with abdominal aortic aneurysm.
184,Deleting Raptor increases G-CSF levels.
185,Deletion of ATM and Rad3 related protein is not predictive of acute tissue loss.
186,Deletion of ATM and Rad3 related protein leads to acute tissue loss.
187,Deltex has no known interactions with eIF3f.
188,Deltex interacts with eIF3. There is no known interaction between Deltex and elF3
189,Depletion of T-helper 17 (Th17) cells during simian immunodeficiency virus (SIV) infection decreases dissemination of Salmonella Typhimurium from the gut.
190,Depletion of T-helper 17 (Th17) cells during simian immunodeficiency virus (SIV) infection increases dissemination of Salmonella Typhimurium from the gut.
191,Depletion of nitric oxide is responsible for vasospasm.
192,Deregulation of HAND2 is a crucial step in endometrial carcinogenesis in mice.
193,Destination container port throughput(CPT) is negatively related to dengue virus (DENV-1) diffusion in air traffic shipments.
194,Destination container port throughput(CPT) is positively related to dengue virus (DENV-1) diffusion in air traffic shipments.
195,Dexamethasone increases risk of postoperative bleeding.
196,Diabetes remission occurs less in people treated with conventional therapy than in people treated with laparoscopic adjustable gastric banding surgery.
197,Diabetes remission occurs more in people treated with conventional therapy than in people treated with laparoscopic adjustable gastric banding surgery.
198,Diabetic patients with acute coronary syndrome experience decreased short-term and long-term risk for bleeding events.
199,"Differentiated E2f-1, -2, -3 TKO cells in the intestine do not exhibit apoptosis."
200,Differentiation of progenitor cells to myeloid cells is skewed upon activation of insulin signaling.
201,Differentiation of progenitor cells to myeloid cells is skewed when insulin signaling is suppressed.
202,Diminished ovarian reserve is a reliable indicator of infertility in a non-infertile population.
203,Distant CREs are important for transcriptional regulation.
204,Distant CREs are less conserved among species.
205,Drosophila supracellular actomyosin structures are found at boundaries in wing imaginal discs.
206,Dscam1 acts as a hypervariable pattern-recognition receptor for the immune system.
207,"During non-homologous end joining, the ligation step is not as tolerant of disrepairs and other distortions when joining 3' of strand breaks as compared to 5' strand breaks."
208,"During non-homologous end joining, the ligation step is not as tolerant of disrepairs and other distortions when joining 5' of strand breaks as compared to 3' strand breaks."
209,During the primary early antibody response activated B cells migrate toward the inner-and outer follicular areas where oxysterol accumulation is generated by stromal cells.
210,EG7 tumors can be killed by systemic oxaliplatin primed CD8+ T cells from the tumor-draining lymph node cells.
211,EGR2 is important to myelination of the peripheral nervous system.
212,ER-localized phosphatase Sac1 processes PI4P through coordination with OSBP and the endosome-localized protein sorting nexin 2.
213,ERAP1 SNPs are epistatic to HLA alleles for ankylosing spondylitis.
214,Early patent ductus ateriosus (PDA) screening decreases in-hospital mortality.
215,Early patent ductus ateriosus (PDA) screening increases in-hospital mortality.
216,"Ectopic expression of Sall4, Nanog, Esrrb, and Lin28 generates induced pluripotent stem cells from mouse embryonic fibroblasts more efficiently than other factor combinations."
217,Egr2 regulates the homeostasis of B and T cells.
218,Egr3 regulates the homeostasis of B and T cells.
219,Eilat virus (EILV) produced in mosquitos elicits rapid and long-lasting neutralizing antibodies in nonhuman primates.
220,Elevated cell-free mitochondrial DNA levels are associated with mortality.
221,Eliminating the last sporadic cases of malaria requires considerable funding.
222,Emodin forms hydrogen bonds with residues involved in PGAM1 substrate binding.
223,Energy balance requires hypothalamic glutamate neurotransmission.
224,Enhanced early production of inflammatory chemokines damages viral control in the lung.
225,Environmental factors can influence the development of breast cancer.
226,Environmentally-induced senescence is mimicked in disease modeling by adding specific molecules to the culture system.
227,Epidemiological disease burden from noncommunicable diseases is more prevalent in high economic settings.
228,Ethanol stress increases the expression of IBP in bacteria.
229,Ethanol stress increases the expression of PSP in bacteria.
230,Ethanol stress increases the expression of SRL in bacteria.
231,Ethanol stress lowers the expression of PSP in bacteria.
232,Ethanol stress reduces the expression of SRL in bacteria.
233,Excess gestational weight gain is associated with obesity-related pregnancy outcomes.
234,Exercise increases cancer mortality rates among Chinese citizens.
235,Exercise reduces cancer mortality rates among Chinese citizens.
236,Exhaustion of B cells contributes to poor Ab response in HIV-infected individuals.
237,Exposure to fine particulate air pollution is unrelated to anxiety prevalence.
238,"Expression of MSX2 is induced 3 hours after the addition of BMP4, which is earlier than T and CDX2."
239,Expression of oncolytic virus antigens as peptides makes relapse more likely.
240,Expression of oncolytic virus antigens as peptides permits additional protection against relapse.
241,F4/80+ macrophages regulate mature osteoblast maintenance.
242,FACT and other histone chaperone(s) compensate for Histone 2A (H2A)-histone 2B (H2B) dimer eviction during the histone exchange process.
243,Female carriers of the Apolipoprotein E4 (APOE4) allele have decreased risk for dementia.
244,Female carriers of the Apolipoprotein E4 (APOE4) allele have increased risk for Alzheimer's disease.
245,Female carriers of the Apolipoprotein E4 (APOE4) allele have longer lifetime exposure to estrogen due to an increased reproductive period.
246,Female carriers of the Apolipoprotein E4 (APOE4) allele have shorter lifetime exposure to estrogen due to a decreased reproductive period.
247,Fibroblast Growth Factor is a ligand which signals through receptor tyrosine kinases.
248,Fibroblast growth factor 21 protects against atherosclerosis by modulating adiponectin and SREBP2 levels.
249,Flexible molecules experience less steric hindrance in the tumor microenviroment than rigid molecules.
250,Folate and vitamin B12 levels influence the association between homocysteine and preeclampsia.
251,"For every 1,000 children with cerebral palsy, more than 300 of them are premature or underweight at birth."
252,Forkhead 0 (fox0) transcription factors are involved in apoptosis.
253,Forkhead 0 (fox0) transcription factors are involved in cellular differentiation.
254,Formation of N-terminal pyroglutamate by glutamine cyclase (GC) competes with NTAQ1 for Nt-Gln substrates.
255,FoxO3a activation in neuronal death is inhibited by reactive oxygen species (ROS).
256,Foxk2 regulates autophagy genes in muscle cells and fibroblast cells.
257,Foxp3 enables the expression of transcriptional regulators implicated in memory T cell development.
258,Foxp3 represses the expression of transcriptional regulators implicated in memory T cell development.
259,G-CSF increases the expansion and infiltration of MDSCs into tumors.
260,GATA3 regulates cell cycle progression in bone marrow hematopoietic stem cells.
261,GATA3 regulates self-renewal capacity in bone marrow hematopoietic stem cells.
262,Gastric infection with Helicobacter pylori decreases risk of gastric cancer in humans.
263,Gastric infection with Helicobacter pylori increases risk of gastric cancer in humans.
264,Gastric lavage is an effective treatment for acute paraquat poisoning.
265,General exercise therapy is more effective than rotator cuff exercises in reducing pain and improving function of the shoulder.
266,General exercise therapy is more effective than scapular stabilizer exercises in reducing pain and improving function of the shoulder.
267,Genes involved in pre-mRNA splicing have a significant impact on genome stability.
268,Genes regulated by Esrrb transcription factor are sensitive to Mbd3 function.
269,Genetic deficiency of mast cells leads to decreased weight gain in a mouse model of diet-induced obesity.
270,Genetic deletion of JAM-A increases gut permeability.
271,Genomic aberrations of metastases provide information for targeted therapy.
272,Genomic sequences involved in alternative splicing responsible for Hutchinson-Gilford progeria syndrome (HGPS) are abundant in the ''progerinonly'' allele of Lmna knock-in models.
273,Glial calcium waves influence seizures.
274,"Glioblastoma multiforme (GBM) is characterized by extensive invasion, rapid growth, necrosis, and angiogenesis."
275,Glucose restriction to 0.05% reduces RLS (replicative life span) by 20-40% in S. cerevisiae.
276,Glycan adaptation involves insertion-deletion events.
277,Glycan adaptation is rarely observed in the B-cell repertoire.
278,Gpr124 increases BBB breakdown in mouse models of ischemic stroke.
279,Gpr124 suppresses BBB breakdown in mouse models of ischemic stroke.
280,Guanine nucleotide dissociation inhibitor (Rho-GDI) interacts with the p75 NTR death domain
281,Guanine nucleotide exchange factors (GEFs) mediate RhoA activation in response to tensional forces on fibronectin-binding integrins.
282,H.pylori-mediated gastric cancer occurs due to the accumulation of mutations in host epithelial cells.
283,"H4 G94P proteins induce chromatin assembly, which increases free histones."
284,H4 G94P proteins induce degradation of free histones via Rad53-dependent mechanisms.
285,"H4 G94P proteins inhibit chromatin assembly, which decreases free histones."
286,H4 G94P proteins suppress degradation of free histones via Rad53-dependent mechanisms.
287,HAND2 methylation is a key step in early endometrial carcinogenesis.
288,HIV trans-activator protein (TAT) effectively transports large and small molecules across cellular membranes into larger populations of neurons.
289,HNF4A mutations are associated with macrosomia in infancy.
290,HOXB4 facilitates HSC expansion when co-cultured with HSCs.
291,HOXB4 is a highly expressed component of cellular secretome from fetal liver cell populations.
292,HSCT-T dosage may not be diagnostic if the onset of symptoms occurs less than 3 hours before AMI.
293,Having a main partner improves HIV outcomes.
294,Having a main partner worsens HIV outcomes.
295,HbA1c consistently overestimates glycemic control in black individuals with Sickle cell trait (SCT).
296,Headaches are correlated with cognitive impairment.
297,Healthy volunteers exhibit rapid and transient increase of cellular ATP after being bolus-injected with fructose.
298,Helicobacter pylori-induced aberrant NF-kB-dependent expression of activation-induced cytidine deaminase contributes to the mutagenesis of host DNA.
299,Helminths interfere with immune system control of coinfections by microbial pathogens 16.
300,Hematopoietic Stem Cell purification reaches purity rates above 90%.
301,High levels of CRP lead to a higher risk of exacerbations in chronic obstructive pulmonary disease (COPD).
302,"Higher plasma levels of I-carnitine, when associated with trimethylamine N-oxide, are negatively correlated with cardiovascular events in humans."
303,"Higher plasma levels of I-carnitine, when associated with trimethylamine N-oxide, are positively correlated with cardiovascular events in humans."
304,Homozygous deletion of murine Sbds gene from osterix-expressing mesenchymal stem and progenitor cells (MPCs) induces oxidative stress.
305,Human embryonic stem cells give rise to cell types from all three embryonic germ layers.
306,"Human embryonic stem cells give rise to cell types from the outer embryonic germ layer, but not the other two layers."
307,Human embryonic stem cells have the capacity to give rise to differentiated progeny representative of all three embryonic germ layers.
308,Hypocretin neurones suppress panicprone state in rats.
309,Hypothalamic glutamate neurotransmission is unrelated to energy balance.
310,"IFI16 impedes STING phosphorylation and translocation, resulting in reduced activation of STING."
311,IFIT1 speeds viral replication by allowing for the proliferation of mis-capped viral RNAs.
312,IL-10 production by monocytes inhibits CD4 + T cell response.
313,IL-6 signaling plays a major role in atherosclerotic cardiovascular disease.
314,ITAM phosphorylation allows for the transfer of the T cell receptor (TCR) signal from the echo-domain to the cytoplasmic tail of the T cell receptor (TCR).
315,IgA plasma cells that are specific for transglutaminase 2 are scarce in the duodenal mucosa of celiac disease patients when the disease is active.
316,Immune complex triggered cell death leads to extracellular release of nuclear DNA.
317,Immune complex triggered cell death leads to sequestration of oxidized mitochondrial DNA.
318,Immune responses in immune cells are geographically segregated.
319,Improvements in OER catalysts show stable activity over several hundred hours.
320,"In British Men, haplogroup I decreases risk of cardiovascular disease."
321,"In British Men, haplogroup I increases risk of cardiovascular disease by 50%."
322,"In S. cerevisiae, the absence of RNA surveillance pathways causes sensitivity to high iron conditions."
323,"In S. cerevisiae, the absence of RNA surveillance pathways reduces sensitivity to high iron conditions."
324,"In a naive state, blocking Wingless-Int-1 secretion from mouse embryonic stem cells inhibits self-renewal of the mouse embryonic stem cells."
325,"In breast cancer, the loss of myoepithelial cells promotes the transition of ductal carcinoma in situ to invasive carcinoma."
326,"In breast cancer, the loss of myoepithelial cells slows the transition of ductal carcinoma in situ to invasive carcinoma."
327,"In chronic viral infections or tumors, peptides that selectively inhibit PTPRS can be utilized to boost insufficient activity of pDCs."
328,"In domesticated populations of Saccharomyces cerevisiae, segmental aneuploidy is very common."
329,"In domesticated populations of Saccharomyces cerevisiae, segmental aneuploidy occurs infrequently."
330,"In melanoma, anti-CTLA-4 treatment reinvigorates exhausted PD-1+Eomes+CD8 T cells."
331,"In patients with congenital heart defects, β-blockers significantly improve clinical heart failure outcomes."
332,"In pediatric tissue, most T cells are naive T cell emigrants from the thymus."
333,"In rhesus macaques, daily subcutaneous injections of emtricitabine are ineffective at protecting against rectally transmitted simian-human immunodeficiency virus."
334,"In rhesus macaques, daily subcutaneous injections of tenofovir protects against rectally transmitted simian-human immunodeficiency virus."
335,"In the UK, drowning affects boys and girls equally."
336,"In transgenic mice harboring green florescent protein under the control of the Sox2 promoter, more than 50 percent of the cells with green florescent colocalize with cell proliferation markers."
337,"In young and middle-aged adults, current or remote uses of ADHD medications increase the risk of serious cardiovascular events."
338,Incidence of 10/66 dementia is higher than the incidence of DSM-IV dementia.
339,Incidence of 10/66 dementia is lower than the incidence of DSM-IV dementia.
340,Incidence of heart failure increased by 10% in women since 1979.
341,Incidence of sepsis has fallen substantially from 2009 to 2014.
342,Including pharmacists in rounding teams does not alter the incidence of adverse drug events (ADEs).
343,Including pharmacists in rounding teams reduces the incidence of adverse drug events (ADEs).
344,Increase of p62 in prostate tumor stroma results in defective autophagy.
345,Increased LDL receptors plays a role in the reduction of plasma Lp(a).
346,Increased conversion of PGE 2 to PPARy ligand 15-ket-PGE 2 causes accumulation of PGE.
347,Increased diastolic blood pressure (DBP) is associated with abdominal aortic aneurysm.
348,Increased flux of microbial products provokes immune responses.
349,Increased flux of microbial products suppresses immune responses.
350,Increased lipolysis leads to higher P38 phosphorylation in adipose tissue.
351,Increased microtubule acetylation exacerbates LRRK2 Roc-COR domain mutation induced locomotor deficits.
352,Increased microtubule acetylation repairs interference of axonal transport caused by LRRK2 Roc-COR domain mutations.
353,Increased microtubule acetylation worsens interference of axonal transport caused by LRRK2 Roc-COR domain mutations.
354,Increased mobility of retrotransposons does not lead to mutation and higher tumorigenesis rates.
355,Increased mobility of retrotransposons is assosciated with mutation and higher tumorigenesis rates.
356,Increased purity of cytoplasmic membranes isolated from overexpressors is indicated by stronger spots for OmpF in 2D BN-PAGE gels.
357,Increased vessel density along with a reduction in fibrosis improves the efficacy of chemotherapy treatments.
358,Individuals with Alzheimers who participate in six months of physical activity improve cognitive function for up to 18 months.
359,Individuals with low serum vitamin D concentrations have decreased risk of multiple sclerosis.
360,Induced hepatic stem cells possess the potential to differentiate into cholangiocytic cells.
361,Induced hepatic stem cells possess the potential to differentiate into hepatocytic cells.
362,Induction of urokinase receptor signaling in podocytes causes foot process effacement and proteinuria.
363,Inhibiting HDAC6 increases survival of mice with ARID1A mutated tumors.
364,Inhibiting focal adhesion formation enables cells to convert mechanical strain into eventual scarring.
365,Inhibiting focal adhesion formation increases the rate at which cells convert mechanical strain into inflammation and fibrosis.
366,Inhibiting glucose-6-phospate dehydrogenase improves lipogenesis by deactivating LKB1-AMPK signaling.
367,Input from  mental and physical health care professionals is not effective at decreasing homelessness.
368,"Inside the body, falciparum parasites reproduce asexually."
369,Insulin decreases risk of severe kidney failure.
370,Insulin effects appetite via ventral tegmental neurons.
371,Intake of folic acid (FA) and vitamin B6 (VB6) increases levels of homocysteine.
372,Intake of folic acid (FA) and vitamin B6 (VB6) reduces levels of homocysteine.
373,Integrated care is ineffective at tackling multiple comorbidities.
374,Integrated care is successful at tackling multiple comorbidities.
375,Integrating classroom-based collaborative learning with Web-based collaborative learning offers the best class performance.
376,"Interferon stimulated genes (ISGs) Irf1, Irg1, Ifi27, and Rsad2 encourage West Nile virus replication in cortical neurons."
377,"Interferon stimulated genes (ISGs) Irf1, Irg1, Ifi27, and Rsad2 inhibit West Nile virus replication in cortical neurons."
378,Interleukin-18 plays an important role in the pathogenesis of atherosclerosis.
379,Intra-cerebroventricular infusion of amyloid-β oligomers increases expression of fibronectin type-III domain-containing protein 5 mRNA in mice hippocampi.
380,Intra-cerebroventricular infusion of amyloid-β oligomers reduces expression of fibronectin type-III domain-containing protein 5 mRNA in mice hippocampi.
381,Intramembrane cleavage by signal peptide peptidase aids in the degradation of proteins with a complex membrane orientation.
382,It is not proven that moderate consumption of candy and chocolate reduces the risk of cardiovascular disease (CVD) specifically.
383,JMJD6 catalyzes the hydroxylation of C-terminal lysine and supresses transcriptional activity.
384,JMJD6 slows the hydroxylation of C-terminal lysine
385,KLF4 is necessary for VSMCs to gain genetic characteristics of other cell types within atherosclerotic lesions.
386,KRT17 modulates the expression of the transcriptional regulator AIRE in diseased epithelia.
387,Kir7.1 modulates channel activity by the G protein-coupled melanocortin-4 receptor (MC4R) in the paraventricular nucleus of the hypothalamus.
388,Klf2 is important for proper myeloid cell function.
389,Klf4 is important for proper myeloid cell differentiation.
390,Klf4 is not required for proper myeloid cell differentiation.
391,Knockout proximal tubule-specific deletion of the BMP receptor Alk3 causes epithelial damage.
392,Knockout proximal tubule-specific deletion of the BMP receptor Alk3 causes fibrosis.
393,L3MBTL2 binds to H2AK119Ub marked chromatin to form a PRC1 complex.
394,LDL cholesterol has a causal role in the development of cardiovascular disease.
395,LRBA prevents CTLA - 4 recycling.
396,LRBA promotes CTLA - 4 recycling.
397,LSD1-positive promoters are associated with RNA polymerase II
398,Lack of FGF21 in mice increases life expectancy.
399,Lack of FGF21 in mice leads to atherosclerotic plaque formation.
400,Lack of FGF21 in mice leads to reduced lifespan.
401,Lack of FGF21 in mice slows the rate of atherosclerotic plaque formation.
402,Lamins are associated with nuclear membrane structure maintenance.
403,Lamins are found within the inner layer of the mitochondrial membrane of all cells.
404,Lamins are found within the inner layer of the nuclear membrane of all cells.
405,Lamins have no effect on nuclear membrane structure maintenance.
406,Less than 10% of patients exposed to radiation have activated markers of mesenchymal stem cells.
407,Lice attenuated SIV vaccines induce a stronger antigen-specific T cell response in lymph node cells.
408,Lipopolysaccharides have an inflammation independent effect on kidney barrier function.
409,Lmna knock-in models are appropriate for testing therapeutic approaches against Hutchinson-Gilford progeria syndrome (HGPS).
410,Localization of PIN1 in the roots of Arabidopsis requires VPS9a
411,Long - range chromatin interactions regulate transcription.
412,Long chain polyunsaturated fatty acids supplementation has no significant effects on wheezing or asthma at 3 and 6 years.
413,Long chain polyunsaturated fatty acids supplementation is associated with lower rates of atopic eczema at 1 year.
414,Long chain polyunsaturated fatty acids supplementation reduces wheezing and asthma.
415,Low expression of miR7a does not repress target genes or exert a biological function in ovaries.
416,Low expression of miR7a does not repress target genes or exert a biological function in testis.
417,Low nucleosome occupancy correlates with high methylation levels across species.
418,Ly49Q directs the organization of neutrophil polarization by regulating membrane raft functions.
419,Ly6C hi monocytes have a higher inflammatory capacity than Ly6C lo monocytes.
420,Lysine histone demethylase inhibitor JIB 04 is inactive against KDM5A.
421,M. stadtmanae does not induce ASC speck formation in BlaER1 monocytes.
422,M. stadtmanae induces ASC speck formation in BlaER1 monocytes.
423,MEK inhibitors are effective treatments in RAS-driven mouse models of cancer.
424,MFGE8 regulates fat absorption by binding to av-Beta3 and av-Beta5 integrins.
425,MICAL redox enzymes regulate actin dynamics in many cell types.
426,MICAL redox enzymes regulate actin dynamics.
427,MT binding domain drives amyloid structure formation.
428,MUC1-C activates the NF-κB p65 signaling pathway by interacting with IκB kinase ß.
429,MafA phosphorylation decreases its ubiquitination.
430,MafA phosphorylation enhances its ubiquitination.
431,MafA ubiquitination decreases the recruitment of coavtivator P/CAF by MafA.
432,MafA ubiquitination increases the recruitment of coavtivator P/CAF by MafA.
433,Major antigen-induced signals from the T cell receptor and secondary signals from costimulatory receptors are required for T cell activation.
434,Major vault protein (MVP) leads to more aggressive tumors by regulating the sorting of tumor suppressive miR-193a into extracellular vesicles (EVs).
435,Major vault protein regulates sorting of tumor suppressive miR-193a into EVs.
436,Malaria has a high vectorial capacity.
437,Many cytokines that are produced by cancer cells also contribute to carcinogenesis.
438,Many transmembrane receptors transmit signals by long-range conformational changes in the association of alpha-helices across the plasma membrane.
439,Marmosets have a brain region homologous to Broca's area.
440,Mathematical models predict that using Artemisinin-based combination therapy over nongametocytocidal drugs have only a modest impact in reducing malaria transmission.
441,MeCP2 influences the synaptic maturation of neurons.
442,Measuring routine outcomes is more beneficial to clinical practice than assessing treatment adherence.
443,Medications to treat obesity are highly effective.
444,Medications to treat obesity do not have side effects.
445,Medications to treat obesity have unwanted side effects.
446,Men are more susceptible to death due to pneumonia when compared to women.
447,Metastatic colorectal cancer treated with a single agent fluoropyrimidines resulted in similar efficacy and better quality of life when compared with oxaliplatin-based chemotherapy in elderly patients.
448,Mice are incapable of producing neutralizing antibodies in reponse to the Chikungunya virus (CHIKV) produced in mosquitos.
449,Mice defective for deoxyribonucleic acid (DNA) polymerase I (polI) fail to reveal increased sensitivity to ionizing radiation (IR).
450,Mice defective for deoxyribonucleic acid (DNA) polymerase m (polm) fail to reveal increased sensitivity to ionizing radiation (IR).
451,Mice defective for deoxyribonucleic acid (DNA) polymerase m (polm) reveal increased sensitivity to ionizing radiation (IR).
452,Mice lacking Sirt1 in Sf1-expressing neurons are immune to diet-induced obesity and insulin resistance.
453,Mice lacking Sirt1 in Sf1-expressing neurons have increased susceptibility to diet-induced obesity and insulin resistance.
454,Mice that lack Interferon-γ or its receptor are highly susceptible to experimental autoimmune myocarditis.
455,Mice without IFN-γ or its receptor are highly susceptible to EAM induced with α-MyHC/CFA.
456,Microcin J25 encourages nucleoside triphosphate (NTP) binding.
457,Microcin J25 inhibits nucleoside triphosphate (NTP) binding.
458,Microglia are an innate immune cell type of the central nervous system.
459,Microglia are an innate immune cell type of the peripheral nervous system.
460,Migraine with aura is associated with ischemic stroke.
461,Misunderstandings between doctors and patients can lead to non-adherence.
462,Mitochondria play a major role in apoptosis.
463,Mitochondria play a major role in energy production.
464,Mitochondria play a trivial role in calcium homeostasis.
465,Moderate consumption of candy and chocolate reduces the risk of cardiovascular disease (CVD).
466,Monoclonal antibody targeting of N-cadherin encourages castration resistance.
467,Monoclonal antibody targeting of N-cadherin encourages metastasis.
468,Monoclonal antibody targeting of N-cadherin inhibits castration resistance.
469,Monoclonal antibody targeting of N-cadherin inhibits growth.
470,Most termination events in Okazaki fragments are dictated by initiation patterns.
471,"Mouse models can be generated using ""artificial spermatids."""
472,Mutant mice lacking SVCT2 have severely reduced ascorbic acid levels in both brain and adrenals.
473,"Mutations in G-Beta protein GNB1 are present in many cancers, resulting in loss of interaction with G-alpha subunits and concomitant activation of AKT pathway."
474,Mutations in RIM1 decrease levels of IME1 RNA.
475,Mutations in RIM1 raise levels of IME1 RNA.
476,Myelin sheaths are lipid-rich cellular structures.
477,Myelin sheaths play a role in action potential propagation.
478,N348I mutations cause resistance to nevirapine.
479,N348I mutations reduce resistance to nevirapine.
480,NAC destabilizes NO to increase the effect of contrast agents on renal functions.
481,NAC inhibits the generation of angiotensin-converting enzyme.
482,NR5A2 does not play a role in development of endometrial tissues.
483,NR5A2 is important in reverse cholesterol transport in humans.
484,Natriuretic peptides increase susceptibility to diabetes.
485,Natriuretic peptides protect against diabetes.
486,Neutrophil extracellular trap (NET) antigens may contain the targeted autoantigens PR3 and MPO.
487,Neutrophils produce IL-1β in response to large particles.
488,Nigerian physicians constitue the largest component of sub-Saharan Africa-trained physicians in the United States.
489,Nonhuman primates are incapable of producing neutralizing antibodies in reponse to the Eilat virus (EILV) produced in mosquitos.
490,Nonhypertensive people who are 55 years old have a 90% chance of developing hypertension during their lifetime.
491,Noninvasive positive pressure ventilation is not predictive of acute respiratory failure after solid organ transplantation.
492,Nonsteroidal antinflammatory drugs are ineffective as cancer treatments.
493,Nonsteroidal antinflammatory drugs show potential anticancer indications.
494,Normal expression of RUNX1 causes tumorsupressing effects.
495,Normal granulomas form in the absence of TNF in Zebrafish.
496,Normal granulomas form in the presence of TNF in Zebrafish.
497,Notch signaling occurs between tumor cells and stromal cells.
498,Nuclear transfer from adult human fibroblasts to human oocytes can give rise to blastocysts containing expandable pluripotent cells.
499,Oat tolerant coeliac patients may have oat specific inflammatory cells in their small bowel mucosa.
500,Obesity decreases life quality.
501,Obesity raises life quality.
502,Occipital activation levels are associated with auditory spatial performance in parietal regions of the brain.
503,Omnivores produce less trimethylamine N-oxide from dietary I-carnitine than vegans.
504,Omnivores produce more trimethylamine N-oxide from dietary I-carnitine than vegans.
505,Omnivores produce more trimethylamine N-oxide from dietary I-carnitine than vegetarians.
506,One in five surgical randomized controlled trials are discontinued early.
507,One in two surgical randomized controlled trials are discontinued early.
508,Origin gross domestic product(GDP) is negatively related to dengue virus (DENV-1) diffusion in air traffic shipments.
509,Origin gross domestic product(GDP) is positively related to dengue virus (DENV-1) diffusion in air traffic shipments.
510,Osteocytes have an essential role in G-CSF induced HSPC mobilization.
511,"Osteoparthritis (OA) is characterized by degeneration of articular cartilage, joint edge, and subchondral bone hyperplasia."
512,Over half of the gabonese children with Schimmelpenning-Feuerstein-Mims syndrome (SFM) had a plasma lactate of more than 5mmol/L.
513,Overexpressing Cnp1 N-tail variants exacerbates the temperature-sensitive growth defect of scm3-139.
514,Overexpressing Cnp1 N-tail variants rescues the temperature-sensitive growth defect of scm3-139.
515,Oxidative DNA damage activates STING signalling.
516,Oxidative DNA damage inhibits STING signalling.
517,Oxidative phosphorylation is one of the primary glycometabolic pathways in cells.
518,PCSK9 inhibitors decrease plasma Lp(a) levels.
519,PD-1 triggering on monocytes enhances IL-10 production by monocytes.
520,PGE 2 suppresss intestinal tumor growth by altering the expression of tumor suppressing and DNA repair genes.
521,PKG-la does not have a large impact on expression of pain hypersensitivity in PGK-la knockout mice.
522,PKG-la does not have a large impact on expression of spinal long term potentiation in PGK-la knockout mice.
523,PKG-la plays an essential role in expression of spinal long term potentiation in PGK-la knockout mice.
524,PRC1-bound plasmids sediment at a slower rate in unbound plasmids than in sucrose gradients.
525,PTEN is a regulator for the transcriptional activity of SRF
526,Participants who quit smoking reduce lung cancer risk by approximately 50%.
527,Patients in stable partnerships have a slower progression from HIV to AIDS.
528,Patients in stable partnerships progress from HIV to death at the same rate as patients not in partnerships.
529,Patients with common epithelial cancers  are more likely to have an emergency event as their first hospital admission if they live in resource-deprived areas.
530,Patients with common epithelial cancers are less likely to have an emergency event as their first hospital admission if they live in resource-deprived areas.
531,Patients with microcytosis and higher erythrocyte count are more vulnerable to severe malarial anaemia when infected with Plasmodium falciparum.
532,Patients with microcytosis and higher erythrocyte count were more resistant to severe malarial anaemia when infected with Plasmodium falciparum.
533,Patients with panic anxiety show decreased CSF levels of hypocretin.
534,Pediatric SCD patients with vaso-occlusive crisis show increased morphine use after breathing 80 ppm iNO for 4 hours.
535,Perigenital skin is not the primary site of HIV acquisition.
536,Peroxynitrite is required for induction of T cell tolerance.
537,Persister cells provide relapse resistance in cancer patients.
538,Persistor cells are one reason for incomplete responses to Tyrosine kinase inhibitor (TKI) therapy in cancer patients.
539,Pharmacist attendance at ward rounds increases adverse events in wards.
540,Pharmacist attendance at ward rounds reduces adverse events in wards.
541,Phase information is useful for predicting donor-recipient matches in organ transplantation.
542,Physical activity does not improve cognitive function in individuals with Alzheimers.
543,Physical activity level has no association with the difference in maximal oxygen consumption between black and white youth.
544,Physical activity level is associated with the difference in maximal oxygen consumption between black and white youth.
545,Physical injury represses transgultaminase activity.
546,Piezo1 channels are sensors for cell migration in epithelial cells.
547,Pioglitazone use is not associated with an increased risk of prostate cancer.
548,Pioglitazone use is significantly associated with an increased risk of pancreatic cancer.
549,Pioglitazone use is significantly associated with an increased risk of prostate cancer.
550,Pioneer factor OCT3/4 interacts with major chromatin remodeling factors.
551,Polymeal nutrition increases cardiovascular mortality.
552,Post-transcriptional handling of mitochondrial transcripts occurs in mitochondrial RNA granules.
553,Pre-mRNAs associated with spliceosomal components are less stable than unassociated splicing substrates.
554,Pre-mRNAs associated with spliceosomal components are more stable than unassociated splicing substrates.
555,Prescribed exercise training improves quality of life.
556,PrimPol degrades short DNA replication intermediates on the leading strand during DNA replication.
557,PrimPol generates short DNA replication intermediates on the leading strand during DNA replication.
558,Primary cervical cancer screening with HPV detection has lower longitudinal sensitivity than conventional cytology to detect cervical intraepithelial neoplasia grade 2.
559,Primary cervical cytology screening with HPV detection has higher longitudinal sensitivity to detect severe cervical intraepithelial neoplasia than conventional cytology.
560,Primary pro-inflammatory cytokines suppress secondary pro- and anti-inflammatory mediators.
561,Pro-inflammatory cytokines are up regulated during tumor development.
562,Pro-inflammatory cytokines are up repressed during tumor development.
563,Progerin induces premature aging in stem cells.
564,Propriospinal interneurons that play a role in the plastic reorganization of spinal circuits are integral for recovery from spinal cord injury.
565,Pseudogene PTENP1 encodes a transcript that regulates PTEN expression.
566,Pseudoknots are not evolutionarily conserved in most eukaryotes.
567,"Pure neural progenitor cell (NPC) populations can only be obtained from cell cultures that undergo passaging, filtration, or other isolation and cell sorting methods."
568,Pyridostatin decreases telomere fragility in BRCA2-deficient cells.
569,Pyridostatin deregulates G2/M progression.
570,Pyridostatin encourages proliferation of homologous recombination - defective cells.
571,Pyridostatin induces checkpoint activation.
572,Pyridostatin induces double-strand breaks accumulation.
573,Pyridostatin prevents double-strand breaks accumulation.
574,Pyridostatin reduces proliferation of homologous recombination - defective cells.
575,Pyridostatin stabilizes the G - quadruplex in the telomeric region.
576,R2D2 stops miRNA production by increasing the selectivity of Dcr2 for long dsRNA.
577,RA activation of DIF2 and NB4 cells induces hallmarks of transcriptionally active promoters.
578,RAD52 is involved in break-induced DNA replication (BIR).
579,RANK-RANKL pathway signalling has no known association with development of Aire-expressing medullary thymic epithelial cells.
580,RANK-RANKL pathway signalling is linked to development of Aire-expressing medullary thymic epithelial cells.
581,RTEL1 interacts with TRF2 through a C4C4 motif
582,RUNX is not expressed in skin tissue.
583,RUNX1 is downregulated or mutated in TLX1 T-ALL.
584,Radioiodine treatment of non-toxic multinodular goitre increases thyroid volume.
585,Rapamycin delays aging in fruit flies.
586,Rapamycin increases the concentration of triacylglycerols in fruit flies.
587,Rapid phosphotransfer rates are correlated with histidine kinase regulator specificity.
588,Recognition of start codons depends on the translation initiation factor IF3.
589,Reduced levels of lipolysis leads to higher P38 phosphorylation in adipose tissue.
590,Reduced phosphorylation of PP2A increases HDAC4 dephosphorylation by enhancing PP2A-HDAC4 interaction.
591,Reduced phosphorylation of PP2A suppresses HDAC4 dephosphorylation.
592,Reduced responsiveness to interleukin-2 in regulatory T cells is associated with autoimmune diseases such as Type 1 Diabetes.
593,Reducing H3k4me3 methylation induces mouse epiblast stem cells to naive pluripotency efficiently.
594,Reduction of Rpl38 alters the composition of the Hox gene mRNAs translation in mice without lowering overall protein synthesis.
595,Reduction of purity of cytoplasmic membranes isolated from overexpressors is indicated by stronger spots for OmpA in 2D BN-PAGE gels.
596,Reduction of purity of cytoplasmic membranes isolated from overexpressors is indicated by stronger spots for OmpF in 2D BN-PAGE gels.
597,Removal of H3K9me3 by ectopic expression of other H3K9 demethylases decreases reprogramming efficiency in SCNT experiments.
598,Removal of H3K9me3 by ectopic expression of other H3K9 demethylases improves reprogramming efficiency in SCNT experiments.
599,Removal of H3K9me3 improves reprogramming efficiency in human somatic cell nuclear transfer experiments.
600,Replacement of OCT4 and SOX2 genes with GATA3 has the ability to reprogram human cells.
601,Replacement of OCT4 and SOX2 genes with GATA3 is not capable of reprogramming human cells.
602,Replacement of histone H2A with H2A.Z accelerates gene activation in yeasts by destabilizing +1 nucleosomes.
603,Repressing IL-18 has negative effects on atherosclerotic lesion composition and progression.
604,Retinoic acid receptor-related orphan receptor gamma (RORγ) is a therapeutic target for castration-resistant prostate cancer (CRPC)
605,Rhythmic expression of Cry1 translates directly into a circadian regulation of cAMP signaling in gluconeogenesis.
606,Rhythmic expression of Cry1 translates directly into a circadian regulation of cAMP signaling in hepatic glucose metabolism.
607,Ribosomal protein (RP) expression is controlled in part by stress-activated regulators.
608,Ribosome-inactivating protein-2 (RIP-2) interacts with the p75 NTR death domain
609,Ribosomopathies have a high degree of cell and tissue specific pathology.
610,Risedronate increases risk of vertebral and non-vertebral fractures.
611,Rising temperatures caused by global warming increases risk of dengue fever transmission.
612,Rising temperatures caused by global warming lowers the risk of dengue fever transmission.
613,Risk of cardiovascular events can be cut by a third by using antihypertensive drug therapy among hemodialysis patients.
614,Risk-adjusted mortality rates are similar in teaching and non-teaching hospitals.
615,Rotator cuff exercises are more effective than general exercise therapy in reducing pain and improving function of the shoulder.
616,Roughly 55% of women with chronic pelvic pain have no underlying pathology.
617,Satellite cell dysfunction is a key factor in sarcopenia development.
618,ScPif1p has higher binding ability to G-rich ssDNA than to non-G-rich ssDNA.
619,ScPif1p has reduced binding ability to G-rich ssDNA compared to non-G-rich ssDNA.
620,Scapular stabilizer exercises are more effective than general exercise therapy in reducing pain and improving function of the shoulder.
621,Self-advocacy training is effective at decreasing homelessness.
622,Sepsis related mortality has remained stable between 2009-2014.
623,Sepsis related mortality has risen from 2009 to 2014.
624,Sequence conservation in gene regulatory regions between species is a high-accuracy predictor of conserved functionality.
625,Sequence conservation in gene regulatory regions between species is a poor predictor of conserved functionality.
626,Side effects associated with antidepressants do not represent a mortality risk to postmenopausal women.
627,Side effects associated with antidepressants increases risk of stroke.
628,Side effects associated with antidepressants lower risk of myocardial infarction.
629,Sildenafil worsens erectile function in men who experience sexual dysfunction as a result of the use of SSRI antidepressants.
630,Smc5/6 engagment halts the activation of SUMO E3 ligase Mms21 by ATP-dependent remolding.
631,Sn is present on mature DCs during inflammation in vivo.
632,Specialized functional cell types can be derived from human pluripotent stem cells.
633,Splenomegaly is observed in knockin mouse lacking the SHP-2 MAPK pathway.
634,Stacking is more stable when a purine is present in the +5 position (C1698).
635,Stiff substrates encourage mesodermal differentiation by degrading beta-catenin in an integrin-dependent manner.
636,Stiff substrates inhibit mesodermal differentiation by degrading beta-catenin in an integrin-dependent manner.
637,Stroke patients with prior use of direct oral anticoagulants have a higher risk of in-hospital mortality than stroke patients with prior use of warfarin.
638,Students who perform poorly in the early years of medical school are at increased risk for professional misconduct later in their careers.
639,Students who perform poorly in the early years of medical school are less likely to commit professional misconduct later in their careers.
640,Suboptimal nutrition is a leading cause of premature death
641,Sudden death can occur in patients with complex ventricular arrhythmias.
642,Sudden death can occur in patients with orthostatic hypertension without cardiac conduction abnormalities.
643,"Surfactin producing cells and exopolymer producing cells cooperate to generate ""Van Gogh"" bundles that have sliding abilities on specialized media."
644,Surgical treatment is not superior to non-surgical in treating adults with displaced fractures of the proximal humerus.
645,Sweet taste receptors on the tongue are deactivated by between 1 and 10 mM glucose.
646,Sympathetic nerve activity is elevated throughout normal pregnancy.
647,Sympathetic nerve activity is reduced throughout normal pregnancy.
648,Systemic immunosuppressive (IS) therapy does not enhance the chance of cancer mortality in patients with inflammatory eye disease (IED)
649,Systemic immunosuppressive (IS) therapy increases the chance of cancer mortality in patients with inflammatory eye disease (IED)
650,Systemic lupus erythematosus is a risk factor for cardiovascular disease.
651,T cell receptor /CD3 microdomains are required to induce the immunologic synapse.
652,TMEM27 is a marker for beta cells.
653,TNFAIP3 is a glioblastoma tumor enhancer.
654,TNFAIP3 is a glioblastoma tumor suppressor.
655,TNFAIP3 is a tumor enhancer in glioblastoma.
656,TRAP+ osteoclasts regulate mature osteoblast maintenance.
657,Taking 400mg of α-tocopheryl acetate does not prevent prostate cancer.
658,Taking 400mg of α-tocopheryl acetate in combination with vitamin C reduces the risk of prostate cancer.
659,Taking anti-depresents is associated with a decrease in the Aβ level in the brain of experimental animals.
660,Taxation of sugar-sweetened beverages reduced the incidence rate of type II diabetes in India.
661,Ten percent (10%) of kidney cancers in the UK are attributable to excess weight.
662,The C-type lectin receptor (CLEC-2) rearranges the actin cytoskeleton in dendritic cells to promote efficient motility along stromal surfaces.
663,The DESMOND program caused substantial weight loss in most participants.
664,The DESMOND program demonstrates no significant impact on biochemical outcomes.
665,The DESMOND program demonstrates no significant impact on lifestyles outcomes.
666,The DESMOND program demonstrates no significant impact on weight loss.
667,The DEXI promoter region is bound by multiple transcription factors in a murine haematopoietic progenitor cell line.
668,The DdrB protein from Deinococcus radiodurans functions as a pentamer.
669,The G34R/V mutation creates a hypomethylated phenotype at the H3K36 histone.
670,The G34R/V mutation does not create a hypomethylated phenotype at the H3K36 histone.
671,The H2A-H2B eviction defect is compensated for by other histone chaperone(s).
672,The HSV-2 infection is typically asymptomatic.
673,The M2-phenotype in brown adipose tissue macrophages increases brown adipose tissue thermogenic activity.
674,The NF-κB essential modulator gene induces intestinal inflammation by promoting receptor-interacting protein (RIP) kinase 1 kinase activity-mediated epithelial cell death.
675,The NF-κB essential modulator gene prevents intestinal inflammation by inhibiting receptor-interacting protein (RIP) kinase 1 kinase activity-mediated epithelial cell death.
676,The PDPN gene deactivates the C-type lectin receptor (CLEC-2).
677,The PPR MDA5 has twenty N-terminal CARD domains.
678,The PRDM1 gene is a key determinant of primordial germ cells.
679,"The PRDM1 gene, when combined with the PRDM14 gene, plays an important role during primordial germ cell specification."
680,The PRR MDA5 has a C-terminal domain.
681,The RANK-RANK-Ligand (RANKL) pathway is involved in the development of Aire-expressing medullary thymic epithelial cells (mTECs).
682,The Snf1 complex regulates carbon and energy metabolism in baker's yeast (Saccharomyces cerevisiae).
683,The TRaF1/C5 rs10818488 allele polymorphism regulates the neighboring C5 gene.
684,The US health care system can save up to $5 billion if 7% of patients waiting for kidney transplants participate in the optimized national kidney paired donation program.
685,The World Health Organization's (WHO) data collection process is biased downward by unequal selection of larger outbreaks.
686,The ability of activator E2Fs in preventing cell death is limited to terminally differentiated cells.
687,The amount of publicly available DNA data doubles every 10 months.
688,"The appearance of brown-like or beige cells primarily occurs in visceral fat, not subcutaneous fat."
689,The artifactual C-terminal helix swapping in the StART domain is observed in the Ups1-Mdm35 heterodimer of the StARkin superfamily.
690,The combination of physical examinations with C-reactive protein values do not improve the accuracy of radiographic verified pneumonia predictions.
691,The composition of myosin-II isoform switches from the A isoform to the B isoform during hematopoietic differentiation.
692,The cytokine receptor which regulates chemotaxis and formation of lymph nodes is involved in production of myeloperoxidase in the left atrium.
693,The deamination of cytidine to uridine on the minus strand of viral DNA can inactivate the viral genome by inducing G-to-A mutations.
694,The density of cytokine receptor bearing cells affects the distance over which cytokines act.
695,The density of cytokine receptor bearing cells has no effect on the distance over which cytokines act.
696,The deregulated and prolonged activation of monocytes has deleterious effects in chronic infectious conditions.
697,The deregulated and prolonged activation of monocytes improves inflammatory disease outcomes.
698,The effect of Lipopolysaccharides on kidney barrier function is dependent on inflammation levels.
699,The first MBT repeat of the four malignant brain tumor (4MBT) domain of Drosophila's Sfmbt and of the orthologous mammalian L3MBTL2 is required for the interaction with the spacer region of Drosophila's Pleiohomeotic (Pho) or its human ortholog YY1.
700,"The gene daf-16, which encodes forkhead Box O (FOXO), is required for all phenotypes associated with reduced insulin/insulin-like growth factor (Igf) signaling."
701,The generation of reactive oxygen species by activated oncogenes contributes to the increased genomic instability of leukaemia cells.
702,The innate immune response struggles to remove small numbers of parasites.
703,The latent infection of myeloid cells with human cytomegalovirus induces a number of changes in gene expression.
704,The mean suicide rate in women is higher after miscarriage than live birth.
705,The mean suicide rate in women is lower after miscarriage than live birth.
706,The microtubule-dependent delivery and secretion of matrix metalloproteases (MMPs) is partially responsible for the disassembly of adhesion sites.
707,The minor G allele of FOXO3 downregulates pro-inflammatory cytokines.
708,The minor G allele of FOXO3 is related to less severe symptoms of Crohn's Disease.
709,The minor G allele of FOXO3 up-regulates IL-10.
710,The morphology change from large white adipocytes to small brown adipocytes is a sign of decreased energy expenditure potential in white adipose tissue.
711,The morphology change from large white adipocytes to small brown adipocytes is a sign of increased energy expenditure potential in white adipose tissue.
712,The most prevalent adverse events to Semaglutide are cardiovascular.
713,The most prevalent adverse events to Semaglutide are gastrointestinal.
714,The myocardial cell lineage originally develops from cardiac progenitors of exclusively endodermal origin.
715,The number of unfertilized oocytes in mated hermaphrodites increases with age.
716,The one-child policy has created a hospitable environment for female infants.
717,The origin of the CRF01_1b2k protein occurred between 1923 and 1956.
718,The peak incidence of fractures occurs during pubertal growth spurt in early adolescents.
719,The peak incidence of fractures occurs in toddlers.
720,The predominant localization of Linc00173 is in mononuclear macrophage nuclei.
721,The proliferative capacity of neural progenitors differs across species.
722,The proliferative capacity of progenitors is regulated cell-autonomously.
723,The proportion of people with visual difficulty is two times higher in low-income countries than in high-income countries.
724,The recruitment of Wdr5 to its target loci depends on Kat8.
725,The relationship between a breast cancer patient's capacity to metabolize tamoxifen and treatment outcome is independent of the patient's genetic make-up.
726,The removal of reactive oxygen species by activated oncogenes contributes to the increased genomic instability of leukaemia cells.
727,The repeat-variable diresidue (RVD) in the loop of Transcription-Activator Like (TAL) effectors specifies the nucleotides-amino acid contact at the target promoter element.
728,The risk of breast cancer among parous women decreases with placental weight of pregnancies.
729,The risk of cancer rises with level of alcohol consumption.
730,The risk of female prisoners harming themselves is ten times that of male prisoners.
731,The tip of the inner tube of the toxic type VI secretion system (T6SS) antibacterial effector in Escherichia coli (E. coli) is decorated with VgrG and PAAR proteins.
732,The tissue surrounding the granuloma in an immune cell induces an anti-inflammatory immune response.
733,Therapeutics receiving accelerated approval encounter a lower frequency of post-marketing safety events
734,There is a positive correlation between hip fractures and statin use.
735,There is a relation between Erythromycin use and hypertrophic pyloric stenosis.
736,There is no association between HNF4A mutations and diabetes risks.
737,There is no increased risk of hypospadias with clomiphene.
738,There is no known interaction between Pioneer factor OCT3/4 and major chromatin remodeling factors.
739,There is no relation between Erythromycin use and hypertrophic pyloric stenosis.
740,There was an estimated 30 million cases of pneumonia in young children worldwide in 2010.
741,Thiopurine active metabolites can be catabolized through dephosphorylation of thioguanine nucleotides.
742,Tirasemtiv has no effect on cardiac muscle.
743,Tirasemtiv targets cardiac muscle.
744,Tirasemtiv targets fast-twitch muscle.
745,Toll-like receptor (TLR) signaling is involved in the pathogenesis of human MDS.
746,Tonic signaling from the scFv induces constitutive stimulation.
747,Tonic signaling from the scFv is amplified by MyD88/CD40.
748,Tonic signaling from the scFv prevents constitutive stimulation.
749,Traditional reviews are biased in their interpretations.
750,"Trans-acting factors, such as lncRNAs, influence mRNA translation."
751,Transcription factor EB induces transcription of pro-inflammatory cytokines in macrophages infected with Staphylococcus aureus.
752,Transcription rates in S. cerevisiae range between 0.7 and 2 kb/min.
753,Transcription rates in S. cerevisiae range between 7 and 12 kb/min.
754,Transplanted human glial progenitor cells can mature in their host animal.
755,Treatment with a protein named FN impairs regenerative abilities of aged muscles.
756,Treatment with a protein named FN restores regenerative abilities of aged muscles.
757,Treatment with the EC uptake inhibitor AM404 resulted in a dose-dependent decrease in the expression of immobility.
758,Tuberculosis incidence occurs at higher rates in more sparsely populated areas in the UK.
759,Tuberculosis-induced granulomas express different immune system protein signatures than the surrounding tissue.
760,Tumor development occurs in conjunction with suppression of pro-inflammatory cytokines.
761,Tumor development occurs in conjunction with upregulation of pro-inflammatory cytokines.
762,Two variants of chromosome 6q21 are associated with radiation therapy-induced second malignancies in pediatric Hodgkin lymphoma patients.
763,Type 1 Diabetes is associated with subtle perturbations in T reg development.
764,Ultrasound guidance significantly reduces the number of needle insertion attempts necessary for a given procedure.
765,Ultrasound guidance significantly reduces the number of traumatic procedures when attempting needle insertion.
766,Understanding epigenetic regulation of replication is essential for the reational design of episomally replicating vectors.
767,Up-regulation of the p53 pathway and related molecular events speeds cancer progression.
768,"Upon developing tyrosine-kinase inhibitor resistance, new mutations in epidermal growth factor receptors emerge and cause treatment failure."
769,"Upon viral challenge, influenza-specific memory CD4+ T cells greatly diminish the early production of inflammatory chemokines in the lung."
770,"Upon viral challenge, influenza-specific memory CD4+ T cells greatly enhance the early production of inflammatory chemokines in the lung."
771,Upregulation of PD1 causes the downmodulation of Satb1.
772,Upregulation of PD1 causes the upregulation of Satb1.
773,Upregulation of dynein in Drosophila neurons increases the number of microtubule plus-ends growing toward the cell body of each neuron.
774,Urbanization is an important risk factor related to the transmission of dengue fever.
775,V-9302 inhibits antitumor responses by decreasing cell death and oxidative stress.
776,Vaccinating the gastrointestinal tract induces protection of rectal and vaginal mucosa.
777,Varenicline monotherapy is more effective after 26 weeks of treatment compared to combination nicotine replacement therapies with varenicline or bupropion.
778,Varying expression levels of EBI2 affect the positioning and migration of B cells.
779,Venules have less significant tunica adventitia than arterioles.
780,VgrG (Tssl) protein punctures membranes by forming a spike at the tip of the tube apparatus.
781,Vitamin D deficiency effects birth weight.
782,Vitamin D is an important factor in the relationship between calcium and parathyroid hormone.
783,Walking in traffic areas in London did not improve lung function in elderly adults.
784,Walking in traffic areas in London improves lung function in elderly adults.
785,Weighed food records (WFR) result in high completion since they're cheap to run and impose low participant burden.
786,Weighed food records (WFR) result in poor completion since they're costly to run and impose high participant burden.
787,Whole brain radiotherapy increases the occurrence of new brain metastases.
788,Women are more susceptible to death due to pneumonia when compared to men.
789,Women with a lower birth weight are more likely to develop breast cancer later in life.
790,YAP/TAZ is required in intestinal regeneration in mouse models of ulcerative colitis.
791,aPKCz causes tumour suppression by affecting glutamine metabolism.
792,cSMAC formation represses weak ligand signalling.
793,"eRNAs influence is linked to senescence, aging, and carcinogenesis."
794,mcm 5 s 2 U is required for proper decoding of NNR codons in eukaryotes.
795,miR-142-5P is a known regulator of raised body temperature.
796,miR-142-5P is a temperature-sensitive microRNA (miRNA).
797,miRNAs enforce homeostasis by suppressing low-level ''leaky'' transcription.
798,miRNAs regulate a unique suite of mRNAs to maintain homeostasis in cells.
799,p16INK4A degradation is  linked to an abnormal wound response caused by the microinvasive step of advanced Oral Potentially Malignant Lesions (OPMLs).
800,p16INK4A degradation is encoded by CDKN2A.
801,p75 NTR - associated cell death executor (NADE) interacts with the p75 NTR death domain
802,qSOFA scores are associated with length of stay in emergency department patients.
803,r-protein chaperones are found in complexes with their r-protein binding partners.
804,siRNA knockdown of A20 accelerates tumor progression in an in vivo murine xenograft model.
805,siRNA knockdown of A20 slows tumor progression in an in vivo murine xenograft model.
806,taa1 tar1 tar2 triple mutants in Arabidopsis do not make root meristem during embryogenesis.
807,β-sheet opening occurs during pleurotolysin pore formation.
808,β1/Ketel is able to bind microtubules.
